序号,纬度,经度,河底高程,声呐高程
133,33.4890505,120.0750046,4.68,0.93
134,33.4890505,120.0750044,4.68,0.93
135,33.4890505,120.0750041,4.71,0.92
136,33.4890505,120.0750038,4.71,0.92
137,33.4890506,120.0750035,4.71,0.91
138,33.4890506,120.0750032,4.71,0.92
139,33.4890507,120.0750029,4.71,0.91
140,33.4890508,120.0750026,4.72,0.91
141,33.4890508,120.0750023,4.72,0.91
142,33.4890509,120.0750021,4.72,0.9
143,33.489051,120.0750018,4.75,0.9
144,33.489051,120.0750016,4.74,0.9
145,33.4890511,120.0750013,4.74,0.9
146,33.4890512,120.075001,4.74,0.89
147,33.4890513,120.0750008,4.74,0.9
148,33.4890514,120.0750006,4.71,0.93
149,33.4890515,120.0750003,4.73,0.9
150,33.4890516,120.075,4.73,0.91
151,33.4890516,120.0749998,4.71,0.9
152,33.4890517,120.0749996,4.74,0.87
153,33.4890518,120.0749993,4.74,0.87
154,33.4890519,120.0749991,4.76,0.86
155,33.489052,120.0749988,4.72,0.9
156,33.4890521,120.0749986,4.76,0.87
157,33.4890522,120.0749983,4.76,0.86
158,33.4890522,120.0749981,4.75,0.89
159,33.4890524,120.0749978,4.74,0.88
160,33.4890525,120.0749976,4.76,0.87
161,33.4890526,120.0749973,4.76,0.86
162,33.4890527,120.0749971,4.77,0.86
163,33.4890528,120.0749968,4.74,0.89
164,33.4890529,120.0749966,4.77,0.86
165,33.489053,120.0749963,4.76,0.86
166,33.4890531,120.074996,4.76,0.86
167,33.4890532,120.0749958,4.78,0.85
168,33.4890533,120.0749955,4.76,0.87
169,33.4890534,120.0749953,4.78,0.85
170,33.4890535,120.0749951,4.79,0.85
171,33.4890536,120.0749949,4.79,0.84
172,33.4890537,120.0749946,4.78,0.85
173,33.4890538,120.0749944,4.79,0.83
174,33.4890539,120.0749942,4.8,0.84
175,33.489054,120.074994,4.79,0.84
176,33.4890542,120.0749937,4.8,0.84
177,33.4890543,120.0749935,4.79,0.85
178,33.4890544,120.0749933,4.8,0.84
179,33.4890545,120.0749931,4.81,0.84
180,33.4890547,120.0749929,4.81,0.83
181,33.4890548,120.0749927,4.78,0.84
182,33.489055,120.0749925,4.8,0.83
183,33.489055,120.0749922,4.79,0.84
184,33.4890551,120.074992,4.81,0.83
185,33.4890552,120.0749917,4.81,0.84
186,33.4890554,120.0749915,4.82,0.83
187,33.4890555,120.0749913,4.79,0.85
188,33.4890557,120.0749911,4.82,0.82
189,33.4890558,120.0749909,4.8,0.84
190,33.4890559,120.0749907,4.81,0.83
191,33.489056,120.0749904,4.81,0.84
192,33.4890561,120.0749902,4.81,0.84
193,33.4890563,120.07499,4.83,0.82
194,33.4890564,120.0749898,4.82,0.83
195,33.4890566,120.0749896,4.82,0.82
196,33.4890567,120.0749894,4.81,0.83
197,33.4890569,120.0749892,4.78,0.86
198,33.4890571,120.074989,4.81,0.84
199,33.4890573,120.0749888,4.8,0.84
200,33.4890575,120.0749887,4.82,0.83
201,33.4890577,120.0749884,4.82,0.82
202,33.4890579,120.0749882,4.83,0.81
203,33.4890581,120.074988,4.82,0.82
204,33.4890583,120.0749878,4.81,0.84
205,33.4890584,120.0749875,4.83,0.82
206,33.4890586,120.0749872,4.84,0.82
207,33.4890588,120.074987,4.84,0.81
208,33.489059,120.0749867,4.84,0.81
209,33.4890592,120.0749865,4.86,0.81
210,33.4890594,120.0749862,4.86,0.81
211,33.4890596,120.0749859,4.85,0.8
212,33.4890597,120.0749856,4.86,0.8
213,33.4890599,120.0749853,4.85,0.8
214,33.4890602,120.0749851,4.87,0.79
215,33.4890603,120.0749848,4.86,0.8
216,33.4890605,120.0749845,4.88,0.78
217,33.4890607,120.0749843,4.88,0.78
218,33.4890608,120.0749839,4.89,0.77
219,33.4890611,120.0749837,4.89,0.77
220,33.4890612,120.0749834,4.9,0.77
221,33.4890615,120.0749831,4.88,0.77
222,33.4890617,120.0749828,4.89,0.76
223,33.4890619,120.0749825,4.89,0.76
224,33.4890621,120.0749823,4.9,0.76
225,33.4890623,120.0749819,4.9,0.75
226,33.4890625,120.0749816,4.88,0.77
227,33.4890627,120.0749812,4.89,0.76
228,33.489063,120.074981,4.92,0.73
229,33.4890632,120.0749806,4.94,0.72
230,33.4890633,120.0749803,4.94,0.72
231,33.4890636,120.0749801,4.94,0.72
232,33.4890638,120.0749798,4.93,0.73
233,33.489064,120.0749795,4.92,0.74
234,33.4890642,120.0749792,4.92,0.74
235,33.4890644,120.0749789,4.92,0.74
236,33.4890647,120.0749787,4.88,0.78
237,33.4890649,120.0749784,4.9,0.75
238,33.4890651,120.0749782,4.89,0.76
239,33.4890654,120.0749779,4.91,0.74
240,33.4890656,120.0749777,4.92,0.73
241,33.4890658,120.0749773,4.93,0.73
242,33.4890661,120.0749771,4.92,0.73
243,33.4890662,120.0749767,4.91,0.74
244,33.4890665,120.0749764,4.87,0.78
245,33.4890667,120.0749761,4.91,0.74
246,33.489067,120.0749758,4.89,0.76
247,33.4890673,120.0749755,4.91,0.73
248,33.4890675,120.0749751,4.9,0.74
249,33.4890678,120.0749748,4.92,0.73
250,33.489068,120.0749745,4.89,0.76
251,33.4890682,120.0749742,4.87,0.78
252,33.4890684,120.0749738,4.91,0.75
253,33.4890686,120.0749734,4.9,0.75
254,33.4890689,120.0749731,4.85,0.8
255,33.4890691,120.0749726,4.88,0.76
256,33.4890693,120.0749723,4.89,0.76
257,33.4890696,120.0749719,4.88,0.76
258,33.4890699,120.0749716,4.86,0.77
259,33.4890701,120.0749712,4.86,0.77
260,33.4890703,120.0749708,4.87,0.77
261,33.4890706,120.0749705,4.87,0.77
262,33.4890709,120.0749702,4.87,0.76
263,33.4890711,120.0749699,4.89,0.76
264,33.4890714,120.0749695,4.89,0.76
265,33.4890717,120.0749692,4.89,0.76
266,33.4890719,120.0749688,4.85,0.8
267,33.4890722,120.0749685,4.89,0.75
268,33.4890725,120.0749682,4.9,0.74
269,33.4890727,120.0749679,4.92,0.72
270,33.489073,120.0749675,4.92,0.72
271,33.4890732,120.0749672,4.93,0.72
272,33.4890735,120.0749668,4.93,0.72
273,33.4890737,120.0749664,4.92,0.72
274,33.489074,120.0749661,4.93,0.71
275,33.4890743,120.0749657,4.9,0.75
276,33.4890745,120.0749654,4.93,0.71
277,33.4890748,120.074965,4.93,0.7
278,33.489075,120.0749646,4.95,0.69
279,33.4890753,120.0749643,4.96,0.69
280,33.4890755,120.074964,4.97,0.69
281,33.4890758,120.0749636,4.95,0.69
282,33.489076,120.0749633,4.97,0.68
283,33.4890762,120.074963,4.98,0.67
284,33.4890764,120.0749627,4.98,0.68
285,33.4890766,120.0749624,4.99,0.68
286,33.4890769,120.0749622,4.99,0.68
287,33.4890771,120.0749618,5,0.67
288,33.4890774,120.0749615,4.99,0.67
289,33.4890776,120.0749612,4.97,0.68
290,33.4890778,120.0749609,4.97,0.68
291,33.4890779,120.0749605,4.97,0.68
292,33.4890781,120.0749602,4.99,0.67
293,33.4890783,120.0749599,4.98,0.67
294,33.4890785,120.0749596,4.99,0.66
295,33.4890786,120.0749594,4.99,0.68
296,33.4890788,120.0749592,4.99,0.68
297,33.4890789,120.0749589,4.98,0.68
298,33.4890791,120.0749586,5.01,0.65
299,33.4890793,120.0749584,5.01,0.66
300,33.4890794,120.0749582,4.99,0.68
301,33.4890796,120.0749579,4.99,0.69
302,33.4890798,120.0749576,5.04,0.64
303,33.48908,120.0749574,5.04,0.64
304,33.4890802,120.0749571,4.99,0.67
305,33.4890803,120.0749568,5.02,0.65
306,33.4890805,120.0749565,4.99,0.67
307,33.4890807,120.0749563,5.02,0.64
308,33.4890809,120.0749559,5.02,0.64
309,33.489081,120.0749557,5.02,0.64
310,33.4890812,120.0749555,4.98,0.69
311,33.4890813,120.0749552,4.96,0.72
312,33.4890814,120.0749549,4.99,0.69
313,33.4890816,120.0749546,4.99,0.69
314,33.4890817,120.0749543,4.99,0.69
315,33.4890819,120.074954,4.93,0.73
316,33.489082,120.0749537,4.98,0.68
317,33.4890821,120.0749535,5,0.67
318,33.4890822,120.0749533,5,0.67
319,33.4890823,120.074953,5,0.68
320,33.4890824,120.0749528,5.02,0.66
321,33.4890826,120.0749526,5.05,0.63
322,33.4890827,120.0749523,5.03,0.66
323,33.4890829,120.0749521,5.04,0.64
324,33.489083,120.0749519,5.03,0.64
325,33.4890831,120.0749517,5.05,0.64
326,33.4890832,120.0749514,5.06,0.62
327,33.4890834,120.0749512,5.07,0.6
328,33.4890835,120.0749509,5.06,0.6
329,33.4890836,120.0749507,5.06,0.59
330,33.4890837,120.0749504,4.97,0.68
331,33.4890838,120.0749502,5.04,0.61
332,33.4890839,120.0749499,5.08,0.58
333,33.489084,120.0749497,5.08,0.59
334,33.4890842,120.0749495,5.09,0.57
335,33.4890843,120.0749493,5.11,0.56
336,33.4890844,120.0749492,5.11,0.56
337,33.4890845,120.074949,5.11,0.55
338,33.4890846,120.0749488,5.1,0.55
339,33.4890848,120.0749487,5.11,0.54
340,33.4890849,120.0749485,5.1,0.55
341,33.489085,120.0749484,5.11,0.54
342,33.4890851,120.0749482,5.13,0.52
343,33.4890853,120.074948,5.07,0.58
344,33.4890854,120.0749479,5.15,0.5
345,33.4890855,120.0749476,5.14,0.5
346,33.4890856,120.0749475,5.15,0.5
347,33.4890857,120.0749473,5.16,0.49
348,33.4890858,120.0749471,5.15,0.5
349,33.4890859,120.074947,5.15,0.5
350,33.4890859,120.0749468,5.16,0.5
351,33.489086,120.0749467,5.17,0.48
352,33.489086,120.0749465,5.18,0.48
353,33.489086,120.0749463,5.18,0.48
354,33.489086,120.0749462,5.18,0.47
355,33.4890861,120.0749461,5.19,0.47
356,33.4890861,120.0749459,5.19,0.47
357,33.4890861,120.0749458,5.19,0.47
358,33.4890862,120.0749457,5.19,0.47
359,33.4890862,120.0749456,5.18,0.47
360,33.4890863,120.0749455,5.13,0.52
361,33.4890863,120.0749454,5.19,0.46
362,33.4890864,120.0749453,5.2,0.45
363,33.4890864,120.0749452,5.2,0.45
364,33.4890865,120.0749451,5.16,0.49
365,33.4890866,120.0749449,5.19,0.45
366,33.4890867,120.0749449,5.18,0.46
367,33.4890868,120.0749447,5.2,0.45
368,33.4890868,120.0749445,5.19,0.46
369,33.4890869,120.0749444,5.21,0.44
370,33.489087,120.0749442,5.14,0.51
371,33.4890871,120.074944,5.2,0.45
372,33.4890872,120.0749438,5.26,0.4
373,33.4890872,120.0749436,5.25,0.4
374,33.4890873,120.0749433,5.26,0.39
375,33.4890874,120.0749431,5.26,0.39
376,33.4890875,120.0749429,5.26,0.38
377,33.4890876,120.0749427,5.26,0.39
378,33.4890877,120.0749425,5.25,0.39
379,33.4890879,120.0749422,5.27,0.37
380,33.489088,120.0749419,5.28,0.36
381,33.4890882,120.0749417,5.27,0.36
382,33.4890883,120.0749414,5.29,0.35
383,33.4890885,120.0749412,5.28,0.35
384,33.4890887,120.074941,5.27,0.36
385,33.4890889,120.0749408,5.28,0.35
386,33.4890892,120.0749406,5.28,0.35
387,33.4890894,120.0749403,5.28,0.34
388,33.4890897,120.0749401,5.28,0.34
389,33.48909,120.0749398,5.28,0.34
390,33.4890903,120.0749395,5.28,0.35
391,33.4890906,120.0749393,5.28,0.34
392,33.4890908,120.074939,5.28,0.34
393,33.4890911,120.0749388,5.28,0.35
394,33.4890914,120.0749385,5.28,0.35
395,33.4890916,120.0749381,5.28,0.35
396,33.4890919,120.0749378,5.27,0.34
397,33.4890922,120.0749374,5.27,0.35
398,33.4890926,120.0749371,5.27,0.37
399,33.4890929,120.0749367,5.27,0.35
400,33.4890934,120.0749363,5.28,0.34
401,33.4890938,120.0749361,5.26,0.36
402,33.4890942,120.0749357,5.26,0.36
403,33.4890946,120.0749354,5.26,0.35
404,33.4890951,120.074935,5.23,0.39
405,33.4890955,120.0749347,5.26,0.35
406,33.489096,120.0749343,5.26,0.34
407,33.4890965,120.074934,5.27,0.35
408,33.4890969,120.0749337,5.27,0.35
409,33.4890974,120.0749332,5.26,0.35
410,33.4890979,120.0749327,5.23,0.36
411,33.4890983,120.0749323,5.21,0.39
412,33.4890987,120.0749319,5.21,0.39
413,33.4890991,120.0749317,5.21,0.38
414,33.4890996,120.0749312,5.25,0.35
415,33.4891,120.0749308,5.25,0.36
416,33.4891004,120.0749303,5.23,0.37
417,33.4891009,120.0749298,5.24,0.35
418,33.4891014,120.0749295,5.23,0.36
419,33.4891018,120.0749291,5.23,0.36
420,33.4891023,120.0749285,5.24,0.35
421,33.4891027,120.0749281,5.25,0.36
422,33.4891033,120.0749279,5.25,0.35
423,33.4891038,120.0749275,5.25,0.35
424,33.4891042,120.074927,5.21,0.37
425,33.4891047,120.0749266,5.22,0.36
426,33.4891052,120.0749264,5.23,0.38
427,33.4891057,120.0749261,5.18,0.44
428,33.4891062,120.0749258,5.22,0.4
429,33.4891066,120.0749255,5.18,0.43
430,33.489107,120.0749252,5.2,0.4
431,33.4891074,120.0749249,5.19,0.4
432,33.4891077,120.0749246,5.2,0.4
433,33.489108,120.0749243,5.16,0.43
434,33.4891079,120.0749238,5.22,0.39
435,33.4891075,120.0749224,5.23,0.38
436,33.4891072,120.0749205,5.24,0.34
437,33.4891071,120.0749178,5.33,0.3
438,33.4891081,120.0749152,5.36,0.27
439,33.4891102,120.0749128,5.32,0.28
440,33.4891128,120.0749113,5.3,0.3
441,33.4891155,120.0749117,5.26,0.36
442,33.4891172,120.0749123,5.21,0.41
443,33.4891184,120.0749132,5.21,0.4
444,33.4891185,120.0749156,5.1,0.52
445,33.4891177,120.0749187,5.04,0.56
446,33.4891153,120.0749235,5.06,0.56
447,33.4891123,120.0749284,5.02,0.58
448,33.4891092,120.0749323,5.03,0.59
449,33.4891063,120.074935,5.06,0.58
450,33.4891028,120.0749371,5.03,0.6
451,33.4890986,120.0749401,5.03,0.57
452,33.4890953,120.0749445,5.08,0.53
453,33.4890943,120.0749497,5.08,0.55
454,33.4890958,120.0749552,4.93,0.66
455,33.4890984,120.0749585,4.83,0.79
456,33.4891011,120.0749602,4.71,0.92
457,33.4891033,120.074961,4.59,1.05
458,33.4891053,120.0749614,4.56,1.06
459,33.4891068,120.0749614,4.52,1.12
460,33.4891083,120.0749615,4.53,1.12
461,33.4891094,120.0749613,4.54,1.11
462,33.4891106,120.0749612,4.6,1.06
463,33.4891116,120.074961,4.6,1.06
464,33.4891125,120.074961,4.62,1.05
465,33.4891133,120.0749608,4.6,1.06
466,33.4891141,120.0749607,4.61,1.06
467,33.4891149,120.0749604,4.63,1.03
468,33.4891155,120.0749603,4.63,1.03
469,33.4891162,120.0749601,4.64,1.03
470,33.4891168,120.0749601,4.6,1.06
471,33.4891174,120.0749599,4.63,1.04
472,33.489118,120.0749598,4.63,1.03
473,33.4891185,120.0749598,4.63,1.03
474,33.4891191,120.0749597,4.62,1.04
475,33.4891196,120.0749596,4.59,1.07
476,33.4891201,120.0749595,4.59,1.06
477,33.4891207,120.0749595,4.59,1.08
478,33.4891212,120.0749593,4.59,1.05
479,33.4891217,120.0749593,4.59,1.06
480,33.4891222,120.0749592,4.58,1.07
481,33.4891226,120.0749593,4.57,1.09
482,33.4891231,120.0749592,4.55,1.09
483,33.4891235,120.0749592,4.55,1.09
484,33.4891239,120.0749592,4.53,1.11
485,33.4891243,120.0749592,4.52,1.12
486,33.4891248,120.0749592,4.51,1.13
487,33.4891251,120.0749593,4.49,1.16
488,33.4891255,120.0749594,4.53,1.11
489,33.4891252,120.0749591,4.49,1.16
490,33.4891244,120.074959,4.55,1.1
491,33.4891234,120.0749591,4.57,1.08
492,33.4891217,120.0749596,4.52,1.1
493,33.4891191,120.0749607,4.57,1.06
494,33.4891168,120.0749617,4.56,1.07
495,33.4891147,120.0749625,4.55,1.08
496,33.4891129,120.0749632,4.51,1.1
497,33.4891111,120.0749637,4.49,1.13
498,33.4891075,120.0749645,4.45,1.15
499,33.4891041,120.0749672,4.54,1.04
500,33.4891016,120.0749715,4.64,1
501,33.4891001,120.0749782,4.46,1.18
502,33.4891028,120.0749869,4.43,1.18
504,33.4891152,120.0749919,3.98,1.61
505,33.4891222,120.0749906,4.02,1.57
506,33.489129,120.0749901,3.98,1.65
507,33.4891357,120.0749897,3.78,1.85
508,33.4891423,120.0749895,3.7,1.88
509,33.4891487,120.0749898,3.59,2
510,33.489155,120.0749906,3.42,2.2
511,33.4891612,120.0749914,3.17,2.44
512,33.4891673,120.0749926,2.84,2.77
513,33.4891734,120.074994,2.67,2.94
514,33.4891795,120.0749955,2.53,3.08
515,33.4891855,120.0749971,2.04,3.6
516,33.4891917,120.0749989,1.59,4.01
517,33.4891979,120.0750007,1.31,4.26
518,33.489204,120.0750027,1.4,4.21
519,33.4892101,120.0750046,1.49,4.1
520,33.4892166,120.0750067,1.47,4.09
521,33.489223,120.0750088,1.43,4.17
522,33.4892294,120.0750107,1.56,4.07
523,33.4892361,120.0750125,1.56,4.06
524,33.4892427,120.0750143,1.52,4.08
525,33.4892495,120.0750159,1.51,4.06
526,33.4892548,120.0750172,1.5,4.09
527,33.4892616,120.075019,1.48,4.1
528,33.4892683,120.0750208,1.55,4.06
529,33.4892751,120.0750224,1.57,4.03
530,33.4892819,120.0750244,1.55,4.06
531,33.4892886,120.0750261,1.58,4.01
532,33.4892953,120.075028,1.53,4.08
533,33.4893019,120.0750298,1.52,4.07
534,33.4893086,120.0750317,1.49,4.12
535,33.4893151,120.0750336,1.44,4.18
536,33.4893218,120.0750352,1.35,4.24
537,33.4893284,120.0750372,1.28,4.32
538,33.489335,120.0750391,1.32,4.3
539,33.4893415,120.0750409,1.25,4.37
540,33.4893481,120.0750428,1.17,4.43
541,33.4893547,120.0750446,1.09,4.5
542,33.4893613,120.0750466,1.04,4.59
543,33.4893679,120.0750486,0.99,4.66
544,33.4893746,120.0750506,0.91,4.74
545,33.4893812,120.0750524,0.81,4.84
546,33.4893877,120.0750542,0.7,4.94
547,33.4893943,120.0750558,0.68,4.97
548,33.489401,120.0750576,0.67,4.98
549,33.4894076,120.0750593,0.48,5.16
550,33.4894143,120.075061,0.45,5.19
551,33.4894209,120.0750628,0.48,5.21
552,33.4894276,120.0750641,0.39,5.23
553,33.4894343,120.075066,0.35,5.28
554,33.489441,120.0750674,0.28,5.33
555,33.4894477,120.0750692,0.23,5.4
556,33.4894544,120.0750707,0.15,5.49
557,33.489461,120.0750724,0.08,5.58
558,33.4894678,120.0750739,0.04,5.59
559,33.4894745,120.0750756,-2.50E-16,5.63
560,33.4894811,120.0750773,-0.01,5.62
561,33.4894876,120.0750793,-2.50E-16,5.63
562,33.489494,120.0750815,-0.06,5.69
563,33.4895005,120.0750833,-0.09,5.73
564,33.489507,120.0750847,-0.14,5.77
565,33.4895138,120.0750862,-0.15,5.79
566,33.4895205,120.0750879,-0.21,5.82
567,33.489527,120.0750901,-0.35,5.96
568,33.4895336,120.0750918,-0.36,5.99
569,33.4895404,120.0750928,-0.41,6.05
570,33.4895473,120.0750942,-0.7,6.31
571,33.489554,120.0750957,-0.71,6.35
572,33.4895608,120.0750971,-0.8,6.42
573,33.4895676,120.0750985,-0.7,6.31
574,33.4895744,120.0750999,-0.65,6.27
575,33.4895813,120.0751013,-0.77,6.4
576,33.4895881,120.0751024,-0.69,6.29
577,33.4895948,120.0751037,-0.68,6.31
578,33.4896014,120.0751057,-0.64,6.25
579,33.489608,120.0751077,-0.57,6.18
580,33.4896145,120.0751096,-0.46,6.07
581,33.4896208,120.0751121,-0.35,5.98
582,33.489626,120.0751143,-0.31,5.93
583,33.4896324,120.0751168,-0.18,5.81
584,33.4896388,120.0751193,-0.08,5.74
585,33.4896455,120.075121,-0.05,5.7
586,33.489652,120.0751219,-0.06,5.68
587,33.4896586,120.0751234,0.01,5.63
588,33.4896653,120.075125,-2.50E-16,5.61
589,33.4896718,120.0751269,0.08,5.56
590,33.4896782,120.0751288,0.1,5.53
591,33.4896847,120.0751306,0.14,5.48
592,33.4896912,120.0751324,0.2,5.45
593,33.4896977,120.0751341,0.26,5.4
594,33.4897043,120.0751357,0.33,5.31
595,33.489711,120.0751374,0.38,5.32
596,33.4897175,120.0751391,0.41,5.24
597,33.489724,120.0751409,0.47,5.16
598,33.4897305,120.0751427,0.55,5.1
599,33.489737,120.0751447,0.64,5
600,33.4897433,120.0751467,0.73,4.94
601,33.4897499,120.0751486,0.79,4.87
602,33.4897562,120.0751505,0.9,4.82
603,33.4897628,120.0751522,0.95,4.71
604,33.4897692,120.075154,0.97,4.76
605,33.4897759,120.0751555,1.1,4.57
606,33.4897825,120.0751572,1.18,4.53
607,33.4897889,120.0751585,1.26,4.43
608,33.4897955,120.0751599,1.34,4.3
609,33.4898022,120.0751615,1.34,4.34
610,33.4898088,120.0751628,1.45,4.17
611,33.4898156,120.0751643,1.53,4.08
612,33.4898223,120.0751658,1.63,4.02
613,33.4898289,120.0751674,1.71,3.94
614,33.4898357,120.075169,1.77,3.87
615,33.4898423,120.0751705,1.81,3.84
616,33.489849,120.0751723,1.85,3.77
617,33.4898556,120.0751741,1.93,3.72
618,33.4898623,120.0751759,1.91,3.72
619,33.4898689,120.0751779,1.98,3.66
620,33.4898755,120.0751798,2.01,3.62
621,33.4898822,120.0751816,2.04,3.59
622,33.4898888,120.0751833,2.09,3.58
623,33.4898955,120.0751849,2.13,3.52
624,33.4899023,120.0751865,2.09,3.57
625,33.489909,120.0751881,2.12,3.5
626,33.4899156,120.0751899,2.13,3.51
627,33.4899222,120.0751917,2.14,3.5
628,33.4899289,120.0751933,2.05,3.54
629,33.4899355,120.075195,2.01,3.56
630,33.4899421,120.0751968,2.04,3.56
631,33.4899488,120.0751985,1.99,3.59
632,33.4899553,120.0752004,1.91,3.68
633,33.489962,120.0752022,1.93,3.64
634,33.4899685,120.0752042,1.88,3.71
635,33.489975,120.0752062,1.86,3.71
636,33.4899815,120.0752083,1.87,3.75
637,33.4899879,120.0752102,1.84,3.77
638,33.489993,120.0752118,1.88,3.75
639,33.4899996,120.0752135,1.78,3.82
643,33.4900255,120.0752203,4.53,1.02
644,33.490032,120.0752221,4.55,0.99
645,33.4900384,120.0752241,4.64,0.98
646,33.490045,120.075226,4.45,1.15
647,33.4900521,120.0752268,4.52,1.12
648,33.4900583,120.0752243,4.33,1.28
649,33.4900631,120.0752198,4.29,1.31
650,33.4900677,120.0752139,4.27,1.33
651,33.4900718,120.0752076,4.33,1.31
652,33.4900758,120.0752013,4.3,1.32
653,33.4900796,120.0751948,4.22,1.41
654,33.4900834,120.0751884,4.15,1.48
655,33.4900873,120.075182,4.14,1.49
656,33.4900913,120.0751759,4.15,1.48
657,33.4900956,120.0751693,4.22,1.39
658,33.4901003,120.0751628,4.09,1.47
659,33.4901047,120.075157,4.07,1.45
660,33.490109,120.0751513,4.02,1.56
661,33.4901134,120.0751457,3.86,1.67
662,33.4901177,120.0751399,3.84,1.71
663,33.4901222,120.0751341,3.86,1.7
664,33.4901265,120.0751278,4.01,1.6
665,33.490131,120.0751221,4.15,1.47
666,33.4901356,120.0751166,4.1,1.5
667,33.4901404,120.0751109,3.73,1.82
668,33.4901455,120.0751053,3.57,2
669,33.4901505,120.0750994,3.53,1.99
670,33.4901546,120.0750936,3.53,2.09
671,33.4901591,120.0750876,3.52,2.06
672,33.4901636,120.0750816,3.54,2.02
673,33.490168,120.0750755,3.57,2
674,33.4901725,120.0750693,3.56,2.01
675,33.4901766,120.0750638,3.61,2.04
676,33.4901808,120.0750576,3.58,2.05
677,33.4901853,120.0750517,3.46,2.15
678,33.490189,120.0750449,3.47,2.26
679,33.4901933,120.0750387,3.46,2.22
680,33.4901982,120.0750331,3.42,2.16
681,33.4902027,120.0750268,3.42,2.15
682,33.4902073,120.0750206,3.48,2.16
683,33.4902116,120.0750144,3.57,2.05
684,33.4902166,120.075008,3.71,1.96
685,33.4902204,120.0750004,3.9,1.79
686,33.4902213,120.0749915,4.08,1.53
687,33.4902183,120.0749819,3.26,2.27
688,33.4902133,120.0749768,2.46,3.01
689,33.4902081,120.074975,1.72,3.66
690,33.4902019,120.0749742,1.15,4.1
691,33.4901943,120.0749746,1.03,4.28
692,33.4901871,120.0749752,1.38,4.12
693,33.4901814,120.0749751,1.3,4.02
694,33.4901766,120.0749749,1.25,3.96
695,33.4901697,120.0749747,1.45,3.92
696,33.4901637,120.074974,1.39,3.87
697,33.4901567,120.0749734,1.54,3.81
698,33.4901508,120.0749719,1.39,3.78
699,33.4901441,120.0749709,1.54,3.72
700,33.4901382,120.0749691,1.39,3.71
701,33.4901321,120.0749682,1.74,3.67
702,33.4901264,120.0749664,1.61,3.66
703,33.4901197,120.0749652,1.73,3.67
704,33.4901139,120.0749631,1.52,3.71
705,33.4901069,120.0749619,1.76,3.73
706,33.4901008,120.0749597,1.64,3.71
707,33.4900938,120.0749591,1.78,3.7
708,33.4900876,120.0749573,1.6,3.76
709,33.490081,120.0749564,1.58,3.8
710,33.4900747,120.0749545,1.44,3.82
711,33.4900677,120.0749537,1.56,3.82
712,33.4900611,120.0749521,1.41,3.88
713,33.4900541,120.0749515,1.5,3.94
714,33.4900476,120.0749499,1.36,3.99
715,33.4900406,120.0749498,1.47,4.05
716,33.4900342,120.0749482,1.28,4.13
717,33.4900275,120.0749473,1.24,4.2
718,33.4900209,120.0749455,1.11,4.22
719,33.4900141,120.0749446,1.07,4.34
720,33.4900074,120.0749433,0.95,4.41
721,33.4900005,120.0749429,0.92,4.48
722,33.4899937,120.0749414,0.72,4.56
723,33.4899868,120.0749407,0.85,4.6
724,33.4899801,120.074939,0.6,4.72
725,33.4899733,120.0749378,0.75,4.79
726,33.4899668,120.0749357,0.57,4.9
727,33.4899602,120.0749345,0.52,4.96
728,33.4899535,120.0749325,0.33,5.1
729,33.4899467,120.0749313,0.31,5.19
730,33.48994,120.0749296,0.26,5.18
731,33.4899334,120.0749277,0.09,5.28
732,33.4899267,120.0749271,0.15,5.31
733,33.4899197,120.0749258,0.16,5.36
734,33.4899132,120.0749241,0.03,5.41
735,33.4899065,120.0749232,-0.09,5.56
736,33.4898998,120.0749217,-0.05,5.47
737,33.489893,120.0749204,-0.03,5.53
738,33.4898861,120.0749186,-0.16,5.59
739,33.4898793,120.0749174,-0.19,5.68
740,33.4898727,120.0749158,-0.29,5.7
741,33.489866,120.0749141,-0.23,5.69
742,33.4898593,120.074912,-0.34,5.8
743,33.4898529,120.0749107,-0.13,5.72
744,33.4898462,120.0749091,-0.19,5.75
745,33.4898396,120.0749076,-0.26,5.79
746,33.4898329,120.0749058,-0.28,5.83
747,33.4898265,120.0749043,-0.34,5.9
748,33.4898212,120.074903,-0.38,5.93
749,33.4898145,120.0749017,-0.58,6.11
750,33.4898078,120.0749003,-0.58,6.13
751,33.4898012,120.074899,-0.5,6.12
752,33.4897944,120.0748976,-0.45,6.09
753,33.4897879,120.0748961,-0.57,6.15
754,33.4897813,120.0748942,-0.62,6.23
755,33.4897749,120.0748921,-0.66,6.26
756,33.4897683,120.0748903,-0.6,6.26
757,33.4897617,120.0748887,-0.72,6.31
758,33.4897551,120.0748871,-0.71,6.29
759,33.4897485,120.074886,-0.78,6.36
760,33.4897418,120.0748846,-0.62,6.17
761,33.4897353,120.0748835,-0.48,6.05
762,33.4897286,120.0748823,-0.44,5.99
763,33.489722,120.074881,-0.34,5.91
764,33.4897152,120.0748796,-0.26,5.84
765,33.4897085,120.0748783,-0.23,5.81
766,33.4897017,120.0748769,-0.13,5.74
767,33.4896952,120.0748754,-0.11,5.71
768,33.4896885,120.0748738,-0.05,5.66
769,33.4896818,120.0748723,-0.04,5.63
770,33.489675,120.074871,0.01,5.62
771,33.4896684,120.0748698,0.11,5.56
772,33.4896616,120.0748686,0.17,5.51
773,33.489655,120.0748671,0.25,5.43
774,33.4896485,120.0748658,0.3,5.37
775,33.4896417,120.0748644,0.4,5.34
776,33.4896354,120.074863,0.48,5.23
777,33.4896286,120.0748617,0.56,5.21
778,33.4896219,120.0748605,0.68,5.14
779,33.4896154,120.074859,0.65,5.1
780,33.4896091,120.0748573,0.7,4.99
781,33.4896024,120.074856,0.8,4.94
782,33.4895959,120.0748545,0.82,4.91
783,33.4895894,120.0748529,0.84,4.83
784,33.4895826,120.0748517,1.06,4.75
785,33.4895761,120.0748501,1.06,4.64
786,33.4895693,120.0748489,1.23,4.56
787,33.4895626,120.0748475,1.23,4.5
788,33.4895558,120.0748464,1.51,4.39
789,33.4895491,120.0748451,1.73,4.29
790,33.4895427,120.0748435,1.75,4.17
791,33.4895359,120.0748423,1.96,4.12
792,33.4895294,120.0748404,1.69,4.01
793,33.4895226,120.0748391,1.89,3.98
794,33.4895159,120.0748368,2.15,3.83
795,33.4895091,120.0748357,1.89,3.82
796,33.4895023,120.0748345,2.1,3.75
797,33.4894959,120.0748327,2.02,3.78
798,33.489489,120.0748315,2.21,3.68
799,33.4894827,120.0748299,1.87,3.84
800,33.4894759,120.0748288,2.01,3.79
801,33.4894694,120.074827,1.94,3.76
802,33.4894627,120.074826,1.98,3.8
803,33.4894572,120.0748253,1.93,3.96
804,33.4894507,120.074823,1.68,4.12
805,33.4894441,120.0748214,1.81,4
806,33.4894373,120.0748204,1.83,4.1
807,33.4894304,120.0748195,1.94,4.23
808,33.4894242,120.0748177,1.5,4.32
809,33.4894175,120.0748157,1.14,4.53
811,33.489404,120.0748124,1.14,4.59
812,33.4893972,120.0748115,1.44,4.54
813,33.4893909,120.0748096,1.1,4.54
814,33.4893841,120.0748087,1.5,4.28
815,33.4893772,120.0748077,1.98,3.98
816,33.4893707,120.0748057,1.33,4.49
817,33.4893643,120.0748038,2.17,3.48
818,33.4893575,120.074803,2.45,3.33
819,33.4893508,120.0748005,2.65,2.99
820,33.4893438,120.0747997,2.94,2.86
821,33.4893376,120.0747962,3.12,2.59
822,33.4893332,120.0747904,3.73,2.18
823,33.4893321,120.0747804,3.96,1.8
824,33.4893343,120.0747734,3.86,1.8
825,33.4893393,120.0747677,3.69,1.8
826,33.489345,120.0747624,3.55,1.8
827,33.48935,120.0747588,4.07,1.51
828,33.4893553,120.0747541,4.03,1.56
829,33.4893604,120.0747495,3.84,1.75
830,33.4893655,120.0747444,3.86,1.75
831,33.4893703,120.0747395,3.88,1.74
832,33.489375,120.074734,3.96,1.67
833,33.4893794,120.0747286,4,1.65
834,33.4893837,120.0747226,4.1,1.57
835,33.4893878,120.0747167,4.11,1.53
836,33.4893918,120.0747106,4.21,1.45
837,33.4893959,120.074705,4.22,1.44
838,33.4893998,120.0746989,4.27,1.41
839,33.489404,120.0746926,4.26,1.39
840,33.4894079,120.0746863,4.26,1.44
841,33.4894122,120.0746802,4.32,1.36
842,33.4894164,120.0746741,4.36,1.36
843,33.4894206,120.0746679,4.45,1.3
844,33.4894248,120.074662,4.49,1.28
845,33.4894291,120.0746556,4.58,1.28
846,33.4894335,120.0746497,4.57,1.3
847,33.4894379,120.0746439,4.63,1.23
848,33.4894425,120.0746382,4.68,1.19
849,33.4894472,120.0746331,4.5,1.23
850,33.4894518,120.0746275,4.49,1.25
851,33.4894565,120.0746219,4.47,1.24
852,33.4894611,120.0746161,4.47,1.26
853,33.4894656,120.0746104,4.51,1.22
854,33.4894702,120.0746044,4.51,1.23
855,33.4894747,120.0745986,4.45,1.26
856,33.4894792,120.0745925,4.48,1.22
857,33.4894827,120.0745876,4.51,1.19
858,33.489487,120.0745813,4.55,1.15
859,33.4894914,120.0745751,4.55,1.15
860,33.4894958,120.0745688,4.55,1.14
861,33.4895001,120.0745626,4.59,1.1
862,33.4895044,120.0745563,4.76,0.94
863,33.4895087,120.0745501,4.85,0.87
864,33.4895131,120.0745439,4.93,0.78
865,33.4895175,120.0745379,4.96,0.73
866,33.489522,120.0745318,4.83,0.86
867,33.4895264,120.0745263,4.54,1.09
868,33.4895312,120.07452,4.48,1.18
869,33.4895376,120.0745159,4.39,1.23
870,33.489544,120.0745156,4.3,1.3
871,33.4895508,120.0745167,4.26,1.35
872,33.4895576,120.0745179,4.2,1.42
873,33.4895644,120.0745191,4.05,1.56
874,33.4895712,120.0745205,3.96,1.64
875,33.489578,120.0745218,3.86,1.74
876,33.4895847,120.074523,3.69,1.92
877,33.4895913,120.0745241,3.59,2.02
878,33.489598,120.0745249,3.47,2.13
879,33.4896047,120.0745256,3.27,2.34
880,33.4896114,120.0745264,3.1,2.52
881,33.4896182,120.0745272,2.76,2.84
882,33.4896248,120.0745281,2.68,2.93
883,33.4896316,120.0745289,2.52,3.08
884,33.4896383,120.0745298,2.41,3.2
885,33.489645,120.0745307,2.28,3.34
886,33.4896517,120.0745317,2.17,3.44
887,33.4896584,120.0745327,2.12,3.49
888,33.4896651,120.0745338,1.98,3.62
889,33.4896718,120.0745348,2.06,3.55
890,33.4896785,120.0745359,2.07,3.56
891,33.4896852,120.0745371,2.05,3.56
892,33.4896918,120.0745384,2.07,3.55
893,33.4896984,120.0745397,2.06,3.54
894,33.489705,120.074541,2.1,3.52
895,33.4897116,120.0745425,2.09,3.51
896,33.4897181,120.0745439,2.1,3.52
897,33.4897247,120.0745453,2.08,3.52
898,33.4897313,120.0745467,2.06,3.55
899,33.4897379,120.0745481,2.03,3.57
900,33.4897446,120.0745493,2.05,3.56
901,33.4897511,120.0745507,2.06,3.55
902,33.4897578,120.074552,2.01,3.6
903,33.4897644,120.0745532,2,3.61
904,33.4897711,120.0745544,1.98,3.63
905,33.4897777,120.0745557,1.93,3.68
906,33.4897844,120.0745567,1.84,3.76
907,33.489791,120.074558,1.83,3.78
908,33.4897977,120.0745591,1.79,3.81
909,33.4898044,120.0745603,1.69,3.93
910,33.489811,120.0745615,1.61,4
911,33.4898177,120.0745628,1.37,4.23
912,33.489823,120.0745637,1.31,4.29
913,33.4898297,120.074565,1.27,4.32
914,33.4898365,120.074566,1.16,4.44
915,33.4898432,120.0745672,1.1,4.5
916,33.4898499,120.0745683,1.02,4.58
917,33.4898566,120.0745693,0.91,4.69
918,33.4898633,120.0745705,0.88,4.73
919,33.48987,120.0745717,0.81,4.78
920,33.4898766,120.0745729,0.68,4.91
921,33.4898834,120.0745738,0.61,4.98
922,33.4898901,120.0745748,0.33,5.27
923,33.4898969,120.0745757,0.36,5.25
924,33.4899037,120.0745766,0.33,5.28
925,33.4899105,120.0745775,0.3,5.3
926,33.4899173,120.0745783,0.22,5.37
927,33.4899241,120.0745791,0.17,5.43
928,33.4899307,120.0745801,0.15,5.46
929,33.4899376,120.0745812,0.07,5.52
930,33.4899442,120.0745826,0.05,5.57
931,33.4899508,120.0745841,-0.02,5.61
932,33.4899573,120.0745858,0.02,5.59
933,33.4899637,120.0745877,-0.02,5.65
934,33.4899702,120.0745895,-0.08,5.67
935,33.4899768,120.0745911,-0.09,5.72
936,33.4899833,120.0745926,-0.17,5.77
937,33.48999,120.074594,-0.19,5.8
938,33.4899966,120.0745952,-0.2,5.8
939,33.4900032,120.0745964,-0.21,5.83
940,33.4900098,120.0745975,-0.23,5.83
941,33.4900165,120.0745985,-0.22,5.84
942,33.4900232,120.0745993,-0.3,5.91
943,33.4900299,120.0746002,-0.37,5.97
944,33.4900365,120.0746012,-0.44,6.05
945,33.4900431,120.0746023,-0.51,6.12
946,33.4900498,120.0746033,-0.58,6.18
947,33.4900564,120.0746045,-0.59,6.21
948,33.490063,120.0746057,-0.59,6.2
949,33.4900695,120.074607,-0.57,6.2
950,33.4900761,120.0746083,-0.5,6.11
951,33.4900826,120.0746096,-0.4,6.01
952,33.4900892,120.074611,-0.34,5.95
953,33.4900957,120.0746125,-0.28,5.9
954,33.4901023,120.0746138,-0.25,5.84
955,33.4901089,120.074615,-0.23,5.83
956,33.4901156,120.0746161,-0.19,5.78
957,33.4901224,120.074617,-0.18,5.78
958,33.4901291,120.0746178,-0.14,5.74
959,33.4901359,120.0746187,-0.1,5.71
960,33.4901426,120.0746196,-0.07,5.68
961,33.4901494,120.0746206,-0.04,5.65
962,33.4901561,120.0746218,-0.02,5.63
963,33.4901627,120.0746229,0.01,5.61
964,33.4901695,120.074624,0.04,5.57
965,33.4901748,120.0746249,0.06,5.54
966,33.4901815,120.0746261,0.08,5.52
967,33.4901881,120.0746274,0.08,5.52
968,33.4901948,120.0746287,0.12,5.48
969,33.4902014,120.0746299,0.18,5.44
970,33.4902081,120.0746313,0.23,5.39
971,33.4902147,120.0746326,0.24,5.37
972,33.4902214,120.0746338,0.29,5.32
973,33.490228,120.0746352,0.34,5.28
974,33.4902347,120.0746363,0.42,5.19
975,33.4902413,120.0746374,0.47,5.15
976,33.4902479,120.0746385,0.57,5.05
977,33.4902547,120.0746394,0.65,4.97
978,33.4902614,120.0746405,0.71,4.93
979,33.4902681,120.0746413,0.78,4.83
980,33.4902748,120.0746421,0.88,4.74
981,33.4902815,120.0746431,0.9,4.72
982,33.4902881,120.0746444,1.04,4.59
983,33.4902947,120.0746458,1.12,4.49
984,33.4903013,120.0746472,1.2,4.43
985,33.4903079,120.0746485,1.26,4.35
986,33.4903146,120.0746498,1.37,4.27
987,33.4903212,120.0746512,1.41,4.2
988,33.4903279,120.0746525,1.46,4.17
989,33.4903345,120.0746538,1.56,4.08
990,33.4903411,120.074655,1.6,4.03
991,33.4903478,120.0746562,1.67,3.97
992,33.4903544,120.0746572,1.69,3.94
993,33.4903611,120.0746581,1.77,3.86
994,33.4903679,120.0746591,1.81,3.84
995,33.4903746,120.0746601,1.79,3.85
996,33.4903813,120.0746611,1.87,3.75
997,33.4903879,120.0746623,1.88,3.75
998,33.4903946,120.0746633,1.94,3.66
999,33.4904012,120.0746645,1.98,3.65
1000,33.4904078,120.0746657,2.02,3.6
1001,33.4904144,120.0746668,2.05,3.57
1002,33.4904211,120.074668,2.13,3.49
1003,33.4904276,120.0746693,2.11,3.53
1004,33.4904342,120.0746705,2.21,3.42
1005,33.4904409,120.0746717,2.23,3.4
1006,33.4904475,120.074673,2.23,3.39
1007,33.4904541,120.0746743,2.17,3.46
1008,33.4904607,120.0746756,2.23,3.39
1009,33.4904672,120.0746769,2.25,3.38
1010,33.4904737,120.0746783,2.26,3.36
1011,33.4904803,120.0746798,2.26,3.36
1012,33.4904868,120.0746811,2.28,3.34
1013,33.4904935,120.0746825,2.28,3.35
1014,33.4905001,120.0746837,2.29,3.33
1015,33.4905067,120.0746851,2.35,3.29
1016,33.4905134,120.0746863,2.43,3.21
1017,33.4905201,120.0746874,2.55,3.09
1018,33.4905254,120.0746882,2.62,2.99
1019,33.4905321,120.0746893,2.77,2.85
1020,33.4905388,120.0746903,3.05,2.56
1021,33.4905455,120.0746913,2.76,2.85
1022,33.4905522,120.0746926,2.77,2.85
1023,33.4905588,120.0746937,3.68,1.94
1024,33.4905656,120.0746948,3.95,1.67
1025,33.4905722,120.0746957,4.05,1.57
1026,33.490579,120.0746969,4.16,1.45
1027,33.4905857,120.074698,4.26,1.36
1028,33.4905924,120.074699,4.32,1.29
1029,33.4905983,120.0746999,4.38,1.26
1030,33.4906034,120.0747007,4.39,1.26
1031,33.4906084,120.0747016,4.45,1.19
1032,33.4906132,120.0747022,4.5,1.15
1033,33.4906185,120.0747029,4.51,1.11
1034,33.4906248,120.0747073,4.9,0.76
1035,33.4906276,120.0747164,4.61,1.01
1036,33.4906245,120.0747251,5.3,0.35
1037,33.4906184,120.0747293,5.3,0.36
1038,33.4906128,120.0747294,5.17,0.46
1039,33.490606,120.0747278,4.85,0.78
1040,33.4905993,120.0747265,4.66,0.97
1041,33.4905927,120.0747251,4.54,1.08
1042,33.490586,120.0747239,4.45,1.18
1043,33.4905796,120.0747229,4.43,1.19
1044,33.4905731,120.0747221,4.33,1.29
1045,33.4905667,120.0747219,4.31,1.31
1046,33.4905603,120.0747219,4.26,1.36
1047,33.490554,120.0747223,4.2,1.42
1048,33.4905477,120.074723,4.1,1.53
1049,33.4905414,120.0747241,3.99,1.64
1050,33.4905351,120.0747252,3.99,1.64
1051,33.4905289,120.0747267,4,1.64
1052,33.4905227,120.0747283,3.63,2
1053,33.4905164,120.0747299,3.47,2.16
1054,33.4905101,120.0747314,3.27,2.36
1055,33.4905037,120.074733,3.09,2.55
1056,33.4904973,120.0747346,3.11,2.53
1057,33.4904908,120.0747361,2.87,2.77
1058,33.4904843,120.0747376,2.75,2.89
1059,33.4904778,120.0747392,2.65,2.99
1060,33.4904713,120.0747408,2.45,3.2
1061,33.4904648,120.0747424,2.52,3.14
1062,33.4904582,120.0747439,2.36,3.29
1063,33.4904517,120.0747453,2.39,3.26
1064,33.4904451,120.0747468,2.35,3.3
1065,33.4904385,120.0747484,2.3,3.34
1066,33.4904318,120.0747499,2.24,3.39
1067,33.4904253,120.0747514,2.15,3.47
1068,33.490419,120.0747528,2.17,3.46
1069,33.4904139,120.0747537,2.18,3.46
1070,33.4904076,120.0747545,2.17,3.47
1071,33.490401,120.0747549,2.14,3.5
1072,33.4903929,120.0747548,2.11,3.52
1073,33.490386,120.0747542,2.11,3.51
1074,33.4903802,120.0747539,2.15,3.5
1075,33.4903745,120.0747536,2.17,3.48
1076,33.4903682,120.0747528,2.14,3.47
1077,33.4903614,120.074752,2.09,3.52
1078,33.4903549,120.0747514,2.12,3.5
1079,33.4903487,120.0747506,2.1,3.52
1080,33.4903424,120.0747504,2.1,3.53
1081,33.4903362,120.0747508,2.09,3.54
1082,33.4903299,120.0747511,2.07,3.56
1083,33.4903235,120.0747509,2.06,3.56
1084,33.4903171,120.0747506,2.04,3.59
1085,33.4903107,120.0747509,2.01,3.62
1086,33.4903044,120.0747511,1.96,3.66
1087,33.4902977,120.0747512,1.97,3.67
1088,33.4902909,120.074751,1.96,3.66
1089,33.4902841,120.0747504,1.84,3.77
1090,33.4902773,120.07475,1.74,3.88
1091,33.4902707,120.0747503,1.8,3.82
1092,33.4902643,120.0747502,1.76,3.86
1093,33.4902578,120.0747496,1.74,3.89
1094,33.4902509,120.0747487,1.65,3.97
1095,33.4902438,120.0747474,1.57,4.05
1096,33.4902369,120.0747462,1.49,4.13
1097,33.4902299,120.0747445,1.44,4.19
1098,33.490223,120.0747424,1.26,4.38
1099,33.4902161,120.07474,1.18,4.45
1100,33.4902091,120.074737,1.05,4.56
1101,33.490202,120.0747343,1.01,4.6
1102,33.4901947,120.0747327,0.94,4.69
1103,33.4901873,120.074731,0.82,4.81
1104,33.4901798,120.0747294,0.7,4.91
1105,33.4901724,120.0747277,0.64,4.98
1106,33.4901653,120.0747265,0.51,5.11
1107,33.4901584,120.0747261,0.44,5.18
1108,33.4901515,120.0747265,0.43,5.21
1109,33.4901448,120.074727,0.42,5.2
1110,33.4901382,120.0747275,0.35,5.28
1111,33.4901312,120.0747276,0.34,5.29
1112,33.4901238,120.0747277,0.29,5.34
1113,33.4901164,120.0747275,0.16,5.48
1114,33.4901093,120.0747269,0.17,5.48
1115,33.4901042,120.0747261,0.21,5.44
1116,33.490099,120.0747251,0.14,5.51
1117,33.4900927,120.0747239,0.11,5.53
1118,33.4900861,120.0747223,0.04,5.59
1119,33.49008,120.07472,-0.01,5.62
1120,33.4900746,120.0747174,-2.50E-16,5.62
1121,33.4900692,120.0747147,-2.50E-16,5.63
1122,33.4900636,120.0747135,-0.04,5.66
1123,33.4900579,120.0747129,-0.06,5.66
1124,33.490053,120.0747123,-0.07,5.69
1125,33.4900467,120.0747114,-0.11,5.74
1126,33.4900403,120.0747101,-0.13,5.76
1127,33.490034,120.0747093,-0.12,5.74
1128,33.4900281,120.0747098,-0.14,5.75
1129,33.4900223,120.0747113,-0.13,5.76
1130,33.490016,120.0747132,-0.15,5.79
1131,33.4900092,120.0747148,-0.14,5.8
1132,33.4900021,120.074716,-0.36,6.02
1133,33.4899954,120.0747166,-0.19,5.85
1134,33.489989,120.0747169,-0.26,5.9
1135,33.4899827,120.0747166,-0.24,5.89
1136,33.4899763,120.0747161,-0.33,5.95
1137,33.4899696,120.0747151,-0.34,5.98
1138,33.4899627,120.0747139,-0.61,6.23
1139,33.4899557,120.0747122,-0.59,6.23
1140,33.4899487,120.0747103,-0.59,6.23
1141,33.4899422,120.0747079,-0.65,6.28
1142,33.4899359,120.0747052,-0.58,6.21
1143,33.4899296,120.0747028,-0.44,6.07
1144,33.4899231,120.0747011,-0.39,6
1145,33.4899161,120.0746992,-0.27,5.89
1146,33.489909,120.074697,-0.23,5.87
1147,33.489902,120.074695,-0.18,5.83
1148,33.4898948,120.0746936,-0.16,5.8
1149,33.4898873,120.0746924,-0.15,5.79
1150,33.4898799,120.0746906,-0.1,5.74
1151,33.4898728,120.0746884,-0.08,5.72
1152,33.4898662,120.074686,-0.14,5.75
1153,33.4898595,120.0746833,0.03,5.59
1154,33.4898525,120.0746803,0.07,5.56
1155,33.4898448,120.074678,0.11,5.51
1156,33.4898375,120.0746788,0.2,5.43
1157,33.4898311,120.0746814,0.21,5.43
1158,33.4898245,120.0746844,0.23,5.39
1159,33.4898175,120.0746869,0.3,5.34
1160,33.4898101,120.0746891,0.19,5.45
1161,33.4898027,120.074691,0.32,5.32
1162,33.4897948,120.074692,0.4,5.23
1163,33.4897867,120.0746917,0.47,5.16
1164,33.4897784,120.0746908,0.49,5.14
1165,33.4897702,120.0746896,0.45,5.18
1166,33.4897618,120.0746882,0.73,4.91
1167,33.4897533,120.0746865,0.81,4.83
1168,33.4897448,120.0746844,0.93,4.71
1169,33.4897364,120.0746822,1.01,4.61
1170,33.4897281,120.0746795,0.95,4.69
1171,33.48972,120.0746766,0.93,4.69
1172,33.4897119,120.0746733,1.36,4.24
1173,33.4897039,120.0746696,1.58,4.01
1174,33.4896963,120.0746665,1.7,3.93
1175,33.4896887,120.0746643,1.76,3.86
1176,33.4896827,120.0746623,1.73,3.87
1177,33.4896751,120.0746596,1.79,3.8
1178,33.4896669,120.0746575,1.94,3.67
1179,33.4896584,120.0746563,1.84,3.76
1180,33.4896503,120.0746552,1.85,3.76
1181,33.489642,120.0746539,1.83,3.76
1182,33.4896329,120.0746518,2.01,3.62
1183,33.4896236,120.0746496,1.91,3.7
1184,33.4896146,120.0746471,1.93,3.66
1185,33.4896061,120.0746452,1.9,3.7
1186,33.4895978,120.074645,1.92,3.69
1187,33.4895896,120.0746452,1.88,3.72
1188,33.4895814,120.0746451,1.87,3.7
1189,33.4895745,120.0746444,1.82,3.74
1190,33.4895706,120.0746437,1.84,3.74
1191,33.4895652,120.074643,1.81,3.8
1192,33.489559,120.0746425,1.87,3.71
1193,33.4895528,120.0746419,1.91,3.66
1194,33.4895469,120.0746414,1.84,3.72
1195,33.4895409,120.0746408,2.05,3.56
1196,33.4895344,120.0746397,2.25,3.36
1197,33.4895288,120.0746369,2.54,3.04
1198,33.4895237,120.074633,2.71,2.86
1199,33.4895187,120.0746288,3.03,2.57
1200,33.4895135,120.0746243,3.32,2.28
1201,33.4895083,120.0746195,3.53,2.05
1202,33.4895033,120.0746145,3.79,1.83
1203,33.4894983,120.0746095,3.97,1.65
1204,33.4894934,120.0746041,4.14,1.48
1205,33.4894884,120.0745989,4.26,1.34
1206,33.4894825,120.0745951,4.39,1.24
1207,33.4894763,120.0745928,4.46,1.18
1208,33.48947,120.0745918,4.48,1.14
1209,33.4894634,120.0745911,4.52,1.11
1210,33.4894564,120.0745906,4.75,0.88
1211,33.489449,120.0745912,4.95,0.68
1212,33.4894428,120.0745941,5.04,0.58
1213,33.4894372,120.0745974,5.02,0.63
1214,33.4894314,120.0746008,5.05,0.6
1215,33.4894252,120.0746042,5,0.64
1216,33.4894187,120.0746071,4.97,0.66
1217,33.4894119,120.0746107,4.93,0.68
1218,33.4894068,120.0746163,5.01,0.59
1219,33.4894038,120.0746235,4.92,0.69
1220,33.489403,120.0746317,4.78,0.86
1221,33.4894051,120.0746398,4.68,0.96
1222,33.4894095,120.0746456,4.52,1.15
1223,33.4894152,120.0746495,4.55,1.15
1224,33.4894208,120.074655,4.57,1.17
1226,33.4894251,120.0746705,4.41,1.33
1227,33.4894238,120.0746787,4.29,1.45
1228,33.4894213,120.0746847,4.14,1.6
1229,33.4894166,120.0746909,4.1,1.62
1230,33.4894104,120.0746954,4.25,1.48
1231,33.4894032,120.0746978,4.26,1.41
1232,33.4893955,120.0746986,4.27,1.35
1233,33.489387,120.0746989,4.32,1.31
1234,33.4893791,120.0746992,4.34,1.24
1235,33.4893715,120.074699,4.42,1.13
1236,33.4893639,120.0746984,4.56,0.97
1237,33.4893562,120.0746975,4.67,0.86
1238,33.4893486,120.0746968,4.81,0.64
1239,33.489341,120.0746951,5.05,0.52
1240,33.4893338,120.0746953,4.65,0.86
1242,33.4893199,120.0746994,5.18,0.3
1243,33.4893133,120.0747006,5.22,0.33
1244,33.4893074,120.0747017,5.15,0.33
1246,33.4893009,120.074708,5.29,0.25
1247,33.4892983,120.0747127,5.36,0.21
1248,33.4892955,120.0747193,5.26,0.24
1249,33.4892944,120.0747276,5.31,0.24
1250,33.4892958,120.074734,5.04,0.51
1251,33.4892979,120.0747407,5.13,0.5
1252,33.4892997,120.0747486,5.01,0.64
1253,33.4893015,120.0747563,4.95,0.69
1254,33.4893024,120.0747642,4.8,0.79
1255,33.4893027,120.0747732,4.65,1.02
1256,33.4893026,120.0747822,4.52,1.11
1257,33.4893019,120.0747902,4.02,1.55
1258,33.4893005,120.0747988,3.97,1.64
1259,33.4892986,120.0748064,3.91,1.7
1260,33.4892963,120.074814,3.85,1.77
1261,33.4892935,120.074822,3.88,1.8
1262,33.4892907,120.0748299,3.79,1.92
1263,33.4892903,120.0748368,3.71,1.95
1264,33.4892909,120.0748438,3.67,1.99
1265,33.4892912,120.0748507,3.63,2.04
1266,33.4892918,120.0748577,3.57,2.09
1267,33.4892933,120.0748656,3.7,1.92
1268,33.4892932,120.0748738,3.47,2.13
1269,33.4892916,120.0748804,3.46,2.14
1270,33.4892901,120.0748869,3.53,2.12
1271,33.4892881,120.0748937,3.51,2.15
1272,33.4892859,120.074901,3.41,2.23
1273,33.4892837,120.0749079,3.42,2.2
1274,33.4892813,120.0749148,3.52,2.11
1275,33.489279,120.074921,3.59,2.04
1276,33.4892767,120.0749261,3.48,2.14
1277,33.4892742,120.0749319,3.41,2.2
1278,33.4892703,120.0749389,0.03,5.56
1279,33.4892672,120.0749443,0.02,5.56
1280,33.4892641,120.0749494,0.68,4.91
1281,33.4892604,120.0749549,0.67,4.96
1282,33.4892565,120.0749587,0.87,4.76
1283,33.4892522,120.0749619,0.98,4.69
1284,33.4892476,120.0749647,1.08,4.57
1285,33.4892424,120.0749673,1.02,4.61
1286,33.4892369,120.0749694,1.1,4.53
1287,33.4892316,120.074971,1.07,4.55
1288,33.4892265,120.0749722,1.16,4.47
1289,33.4892203,120.0749733,1.43,4.2
1290,33.4892145,120.0749739,1.65,3.96
1291,33.4892092,120.0749742,1.96,3.68
1292,33.4892037,120.0749746,2.14,3.48
1293,33.489197,120.0749756,2.39,3.23
1294,33.4891912,120.0749792,2.75,2.85
1295,33.4891856,120.0749824,2.86,2.78
1296,33.4891798,120.0749838,2.95,2.7
1297,33.4891741,120.0749845,3.1,2.52
1298,33.4891677,120.0749847,3.15,2.48
1299,33.4891611,120.0749843,3.38,2.25
1300,33.4891537,120.0749834,3.53,2.07
1301,33.4891468,120.0749799,3.84,1.81
1302,33.4891429,120.0749753,4.07,1.58
1303,33.4891398,120.0749708,4.16,1.49
1304,33.4891357,120.0749649,4.28,1.39
1305,33.4891302,120.0749603,4.47,1.19
1306,33.4891248,120.074959,4.61,1.05
1307,33.489119,120.0749587,4.64,0.98
1308,33.4891127,120.0749587,4.61,0.99
1309,33.4891062,120.0749586,4.62,0.99
1310,33.4890999,120.0749579,4.84,0.77
1311,33.489094,120.0749563,4.96,0.67
1312,33.489088,120.0749542,5.02,0.63
1313,33.4890824,120.0749522,5.04,0.6
1314,33.4890765,120.0749503,5.19,0.46
1315,33.489071,120.0749504,5.24,0.38
1316,33.4890658,120.074953,5.24,0.38
1317,33.4890609,120.0749577,5.3,0.35
1318,33.4890567,120.0749626,5.27,0.36
1319,33.4890527,120.0749675,5.25,0.39
1320,33.4890489,120.0749721,5.21,0.44
1321,33.4890452,120.0749766,5.16,0.5
1322,33.4890409,120.0749809,5.2,0.46
1323,33.4890365,120.074985,5.28,0.36
1324,33.4890323,120.0749889,5.32,0.32
1325,33.4890281,120.0749928,5.39,0.26
1326,33.4890246,120.0749968,5.31,0.35
1327,33.4890218,120.0750016,5.21,0.45
1328,33.4890199,120.0750067,5.14,0.52
1329,33.4890185,120.0750123,5.05,0.58
1330,33.4890177,120.0750169,4.91,0.72
1331,33.4890168,120.0750247,4.8,0.82
1332,33.4890156,120.0750294,4.72,0.91
1333,33.4890139,120.0750339,4.72,0.93
1334,33.4890115,120.0750382,4.55,1.1
1335,33.4890088,120.075042,4.66,1.01
1336,33.4890057,120.0750449,4.58,1.08
1337,33.4890025,120.0750473,4.65,1.02
1338,33.4889995,120.0750495,4.66,1.02
1339,33.4889968,120.0750518,4.67,0.98
1340,33.4889946,120.0750542,4.68,0.97
1341,33.4889927,120.0750564,4.67,0.98
1342,33.488991,120.0750589,4.69,0.97
1343,33.488989,120.0750617,4.68,0.98
1344,33.4889869,120.0750644,4.63,1.02
1345,33.4889846,120.0750671,4.63,1.03
1346,33.4889821,120.0750702,4.51,1.14
1347,33.4889794,120.0750735,4.51,1.14
1348,33.4889765,120.0750766,4.57,1.08
1349,33.4889736,120.0750798,4.58,1.06
1350,33.4889707,120.0750828,4.49,1.16
1351,33.4889675,120.0750861,4.46,1.19
1352,33.4889638,120.0750899,4.48,1.16
1353,33.4889597,120.0750938,4.44,1.2
1354,33.4889556,120.0750974,4.35,1.29
1355,33.4889515,120.0751008,4.33,1.31
1356,33.4889478,120.0751042,4.3,1.34
1357,33.4889447,120.0751077,4.19,1.47
1358,33.4889422,120.0751109,4.29,1.37
1359,33.4889402,120.0751139,4.26,1.38
1360,33.4889386,120.0751167,4.28,1.37
1361,33.4889373,120.0751194,4.3,1.34
1362,33.4889363,120.0751219,4.31,1.33
1363,33.4889355,120.0751243,4.33,1.33
1364,33.4889349,120.0751267,4.34,1.32
1365,33.4889346,120.0751292,4.38,1.28
1366,33.4889344,120.075132,4.36,1.29
1367,33.488934,120.075135,4.31,1.34
1368,33.4889333,120.075138,4.23,1.42
1369,33.4889322,120.0751407,4.2,1.45
1370,33.488931,120.075143,4.22,1.43
1371,33.4889297,120.0751448,4.2,1.46
1372,33.4889285,120.0751463,4.22,1.44
1373,33.488927,120.0751477,4.18,1.46
1374,33.488925,120.0751495,4.2,1.45
1375,33.4889231,120.0751512,4.19,1.45
1376,33.4889213,120.075153,4.16,1.47
1377,33.488919,120.075155,4.12,1.52
1378,33.4889169,120.0751573,4.11,1.54
1379,33.4889153,120.0751594,4.09,1.56
1380,33.4889137,120.0751617,4.08,1.58
1381,33.4889118,120.0751654,4.08,1.58
1382,33.488911,120.0751701,4.02,1.62
1383,33.4889116,120.0751747,3.95,1.7
1384,33.4889133,120.0751794,3.81,1.82
1385,33.4889161,120.0751862,3.55,2.07
1386,33.4889166,120.0751939,3.43,2.17
1387,33.488914,120.0752006,3.4,2.23
1388,33.4889093,120.0752051,3.36,2.27
1389,33.488903,120.0752065,3.56,2.07
1390,33.4888972,120.0752044,3.69,1.94
1391,33.4888941,120.0752014,3.79,1.85
1392,33.4888908,120.0751968,3.87,1.77
1393,33.4888877,120.0751914,4.01,1.61
1394,33.4888846,120.075185,4.05,1.57
1395,33.4888814,120.0751791,4.12,1.49
1396,33.488878,120.0751731,4.21,1.41
1397,33.4888746,120.0751669,4.44,1.17
1398,33.488871,120.0751611,4.7,0.91
1399,33.4888665,120.075156,4.89,0.72
1400,33.4888598,120.07515,5.11,0.49
1405,33.4888496,120.0751407,5.46,0.21
1406,33.4888496,120.0751407,5.47,0.21
1407,33.4888495,120.0751407,5.47,0.21
1408,33.4888495,120.0751408,5.46,0.21
1409,33.4888496,120.0751408,5.46,0.21
